{"cameraMode":{"drawMode":0,"name":"Shaded","section":"Shading Mode"},"sceneLighting":false,"audioPlay":false,"sceneViewState":{"m_AlwaysRefresh":false,"showFog":true,"showSkybox":false,"showFlares":true,"showImageEffects":true,"showParticleSystems":true,"showVisualEffectGraphs":true,"m_FxEnabled":true},"in2DMode":false,"pivot":{"x":-0.17888100445270539,"y":-0.30755457282066347,"z":0.011243535205721856},"rotation":{"x":-0.3288611173629761,"y":0.22284819185733796,"z":-0.08016087859869003,"w":-0.9142072796821594},"size":0.5099019408226013,"orthographic":false}